<beans xmlns = "http://www.springframework.org/schema/beans"
   xmlns:xsi = "http://www.w3.org/2001/XMLSchema-instance"
   xmlns:context = "http://www.springframework.org/schema/context"
   xsi:schemaLocation = "http://www.springframework.org/schema/beans
   http://www.springframework.org/schema/beans/spring-beans-3.0.xsd
   http://www.springframework.org/schema/context
   http://www.springframework.org/schema/context/spring-context-3.0.xsd">

 <bean id="address1" class="com.expertzlab.spring.constructor.injection.example.Address">  
	<constructor-arg value="kochi"></constructor-arg>  
	<constructor-arg value="Kerala"></constructor-arg>  
	<constructor-arg value="India"></constructor-arg>  
</bean>  
  
<bean id="student1" class="com.expertzlab.spring.constructor.injection.example.Student">  
	<constructor-arg value="1010" type="int"></constructor-arg>  
	<constructor-arg value="Vijeesh"></constructor-arg>  
	<constructor-arg>  <ref bean="address1"/> </constructor-arg>  
</bean>

<bean id="student2" class="com.expertzlab.spring.constructor.injection.example.Student">  
	<property name="rollNo" value="1010"></property>  
	<property name="name" value="Vijeesh"></property>  
	<property name="address" ref="address1"></property>  
</bean>  

</beans>