<beans xmlns = "http://www.springframework.org/schema/beans"
   xmlns:xsi = "http://www.w3.org/2001/XMLSchema-instance"
   xmlns:context = "http://www.springframework.org/schema/context"
   xsi:schemaLocation = "http://www.springframework.org/schema/beans
   http://www.springframework.org/schema/beans/spring-beans-3.0.xsd
   http://www.springframework.org/schema/context
   http://www.springframework.org/schema/context/spring-context-3.0.xsd">



 	<bean id="helloBean" class="com.expertzlab.spring.dependency.simple.HelloWorld" init-method = "init" destroy-method = "destroy" scope="prototype">
		<property name="user" value="Vijeesh" />
		<property name="message" value="Hello "/>
	</bean>
	
	<bean id="goodMorningBean" class="com.expertzlab.spring.dependency.example2.GreetGoodMorningImpl">
		<constructor-arg value="Hi GoodMorning"> </constructor-arg>
		<constructor-arg value="Vijeesh"> </constructor-arg>
	</bean>
	
</beans>