<beans xmlns="http://www.springframework.org/schema/beans"
	xmlns:xsi="http://www.w3.org/2001/XMLSchema-instance"
	xsi:schemaLocation="http://www.springframework.org/schema/beans
	http://www.springframework.org/schema/beans/spring-beans-2.5.xsd">

	<bean id="personBean" class="com.expertzlab.collection.example.Person">
		<property name="name" value="Test" />
		<property name="address" ref="addressBean" />
		<property name="age" value="28" />
	</bean>
	
	
	<bean id="addressBean" class="com.expertzlab.collection.example.Address">
		<property name="street" value="ABC Read" />
		<property name="city" value="EKM" />
		<property name="state" value="Kerala" />
	</bean>
	

	<bean id="CustomerBean" class="com.expertzlab.collection.example.Customer">

	
		
		
		<property name="lists">
			<list>
				<value>1</value>
				<value>vijeesh</value>
				<ref bean="personBean" />
				<bean class="com.expertzlab.collection.example.Person">
					<property name="name" value="test1" />
					<property name="address" ref="addressBean" />
					<property name="age" value="30" />
				</bean>
			</list>
		</property>

		<property name="sets">
			<set>
				<value>1</value>
				<ref bean="personBean" />
				<bean class="com.expertzlab.collection.example.Person">
					<property name="name" value="test2" />
					<property name="address" ref="addressBean" />
					<property name="age" value="35" />
				</bean>
			</set>
		</property>

		<property name="maps">
			<map>
				<entry key="Key1" value="1" />
				<entry key="Key2" value-ref="personBean" />
				<entry key="Key3">
					<bean class="com.expertzlab.collection.example.Person">
						<property name="name" value="test3" />
						<property name="address" ref="addressBean" />
						<property name="age" value="40" />
					</bean>
				</entry>
			</map>
		</property>

		<property name="pros">
			<props>
				<prop key="admin">test1@test.com</prop>
				<prop key="support">test2@test.com</prop>
			</props>
		</property>

	</bean>

</beans>