<beans xmlns = "http://www.springframework.org/schema/beans"
   xmlns:xsi = "http://www.w3.org/2001/XMLSchema-instance"
   xmlns:context = "http://www.springframework.org/schema/context"
   xsi:schemaLocation = "http://www.springframework.org/schema/beans
   http://www.springframework.org/schema/beans/spring-beans-3.0.xsd
   http://www.springframework.org/schema/context
   http://www.springframework.org/schema/context/spring-context-3.0.xsd">

	<context:annotation-config/>

 	<bean id="student" class="com.expertzlab.spring.autowire.example.Student"  autowire="byType">
 		<qualifier value="address"></qualifier>
		<property name="rollNo" value="123" />
		<property name="name" value="Vijeesh"/>
	</bean>
	
	<bean id="address" class="com.expertzlab.spring.autowire.example.Address">
		<property name="steet" value="ABC Road" />
		<property name="city" value="Ernakulam"/>
		<property name="state" value="Kerala"/>
	</bean>
	
	
	<bean id="address1" class="com.expertzlab.spring.autowire.example.Address">
		<property name="steet" value="ABC Road" />
		<property name="city" value="Ernakulam"/>
		<property name="state" value="Kerala"/>
	</bean>
	
</beans>